<?xml version='1.0' encoding='UTF-8'?>
<!DOCTYPE Plugin PUBLIC "sailpoint.dtd" "sailpoint.dtd">
<Plugin certificationLevel="None" displayName="Role Searcher"
	minSystemVersion="8.0" name="RoleSearcher" version="0.0.0.1-dev">
	<Attributes>
		<Map>
			<!--<entry key="minUpgradableVersion" value="1.0" />-->
			<entry key="fullPage">
				<value>
					<FullPage title="Role Model Manager Page" />
				</value>
			</entry>
			<entry key="taskExecutors"/>
			<entry key="restResources">
				<value>
					<List>
						<String>rest.RoleSearcherRest</String>
					</List>
				</value>
			</entry>
			<entry key="scriptPackages">
				<value>
					<List>
						<String>main</String>
					</List>
				</value>
			</entry>
			<entry key="settingsForm">
				<value>
					<Form name="Plugin Example Settings">
						<Attributes>
							<Map>
								<entry key="pageTitle" value="Plugin Example Settings" />
								<entry key="title" value="Plugin Example Settings" />
							</Map>
						</Attributes>
						<Description>Form to display Plugin Example settings.</Description>

						<!-- Connectivity Configuration -->
						<Section name="Section">
							<Field displayName="I am a field"
								helpKey="I am a help key"
								name="fieldOne" type="string" required="false">
							</Field>
							<Field displayName="I am also a field"
								name="fieldTwo"
								helpKey="I am also a help key"
								type="string" required="false">
							</Field>
						</Section>
					</Form>
				</value>
			</entry>
			<entry key="settings">
				<value>
					<List>
						<!-- Connectivity Configuration -->
						<Setting dataType="string"
							helpText="I am a help key"
							label="I am a field" name="fieldOne" defaultValue="" />
						<Setting dataType="string"
							helpText="I am also a help key"
							label="I am also a field" name="fieldTwo" defaultValue="" />
					</List>
				</value>
			</entry>
			<entry key="snippets">
				<value>
					<List>
						<Snippet regexPattern=".*">
							<Scripts>
								<String>ui/js/snippets/header.js</String>
							</Scripts>
							<StyleSheets>
								<!--<String>ui/css/styles.css</String>-->
							</StyleSheets>
						</Snippet>
					</List>
				</value>
			</entry>
		</Map>
	</Attributes>
</Plugin>
